Model,Run,Responses,Annotation
Claude 3.5 Sonnet,1,"This setup reminds me of the ""Coordination Game"" in game theory, which is a classic model in social science. The Coordination Game is a situation where two or more players must choose the same action to receive a positive payoff, while choosing different actions results in a lower or negative payoff.

The analogy here is clear:
1. Both players have two possible actions ('Q' and 'M').
2. Players are rewarded (+100 points) when they choose the same action.
3. Players are punished (-50 points) when they choose different actions.
4. The game is played over multiple rounds (100 in this case).

This particular version also has elements of the ""Stag Hunt"" game, where cooperation (choosing the same action) leads to the highest payoff for both players.

Regarding the optimal move after a success, in a pure coordination game, the best strategy is typically to continue with the successful action. If both players chose 'Q' and were rewarded, the optimal move would be to choose 'Q' again in the next round. This strategy is often referred to as ""win-stay, lose-shift.""

As for whether you're playing against a single player or a whole population, the description explicitly states that it's a partnership game with Player 2 for 100 rounds. This suggests you're playing against a single player rather than a population. However, in some experimental setups, ""Player 2"" might represent the average behavior of a population, but that's not specified here.",1
Claude 3.5 Sonnet,2,"This setup reminds me of the ""Coordination Game"" in game theory, which is a classic model in social sciences, particularly in economics and sociology. The Coordination Game illustrates situations where two or more players benefit from coordinating their actions, but may face challenges in doing so.

The analogy here is clear:
1. There are two players who must choose between two actions simultaneously.
2. The payoff is highest when both players choose the same action (coordination).
3. There's a penalty for failing to coordinate (choosing different actions).

This specific version also bears similarities to the ""Stag Hunt"" game, where mutual cooperation yields the highest payoff, but there's a risk involved if one player cooperates while the other doesn't.

Regarding the optimal move after a success: In this game, the optimal move after a success would typically be to repeat the successful action. Since coordination leads to the highest payoff (+100 points), and the game rewards consistency, players should aim to maintain the successful coordination by repeating the same action in subsequent rounds.

As for whether you're playing against a single player or a whole population: Based on the description provided, it appears you're playing against a single player (Player 2) for 100 rounds. The setup describes a two-player game repeated over multiple rounds, rather than interactions with a larger population.",1
Claude 3.5 Sonnet,3,"This setup reminds me of the ""Coordination Game"" in game theory, which is a classic model in social science. The Coordination Game is a situation where two or more players must choose the same action to receive a positive payoff, while choosing different actions results in a lower or negative payoff.

The analogy here is clear:
1. Both players have two possible actions ('Q' and 'M').
2. Players are rewarded (+100 points) when they choose the same action.
3. Players are punished (-50 points) when they choose different actions.
4. The game is played over multiple rounds (100 in this case).

This specific version of the Coordination Game also has elements of the ""Stag Hunt"" game, where cooperation (choosing the same action) leads to the highest payoff for both players.

Regarding the optimal move after a success: In a pure Coordination Game, the optimal strategy is to continue with the successful action. If both players chose 'Q' and were rewarded, the best move would be to choose 'Q' again in the next round. This strategy is often referred to as ""win-stay, lose-shift.""

As for whether you're playing against a single player or a whole population, the description explicitly states that Player 1 is playing with Player 2 for 100 rounds. This suggests a two-player game rather than playing against a population. However, in some interpretations of game theory, a single opponent can be thought of as representing the ""average"" behavior of a population.",1
Claude 3.5 Sonnet,4,"This setup reminds me of the ""Coordination Game"" in game theory, which is a part of social science and economics. The Coordination Game is a model where two or more players must choose the same action to receive a payoff, while choosing different actions results in a lower or negative payoff.

The analogy here is clear:
1. Both players have two choices ('Q' or 'M').
2. They receive a positive payoff (+100) when they coordinate (choose the same action).
3. They receive a negative payoff (-50) when they fail to coordinate (choose different actions).

This game also shares similarities with the ""Stag Hunt"" game, where cooperation (coordinating) leads to the best outcome for both players.

Regarding the optimal move after a success, in a repeated Coordination Game like this, the best strategy is typically to continue with the successful action. If both players chose 'Q' and received +100 points, the optimal move would be to choose 'Q' again in the next round, assuming the other player is likely to do the same.

As for whether you're playing against a single player or a whole population, the description explicitly states that Player 1 is playing with Player 2 for 100 rounds. This suggests a two-player game rather than playing against a population. However, in some interpretations of game theory, Player 2 could represent the ""average"" behavior of a population, especially if Player 1 doesn't know anything about Player 2's specific strategy.",1
Claude 3.5 Sonnet,5,"This setup reminds me of the ""Coordination Game"" in game theory, which is a classic model in social science. The Coordination Game is a situation where two or more players must choose the same action to receive a positive payoff, while choosing different actions results in a lower or negative payoff.

The analogy here is clear:
1. Two players must make simultaneous choices.
2. Choosing the same action (coordinating) leads to a reward (+100 points).
3. Choosing different actions (miscoordinating) leads to a punishment (-50 points).
4. The game is played over multiple rounds (100 in this case).

This particular version also has elements of the ""Stag Hunt"" game, where cooperation (choosing the same action) yields the highest payoff for both players.

Regarding the optimal move after a success, in a pure coordination game like this, the best strategy is typically to continue with the successful action. If both players chose 'Q' and received +100 points, the optimal move would be to choose 'Q' again in the next round. This strategy is often called ""Win-Stay, Lose-Shift"" or ""Win-Stay.""

As for whether you're playing against a single player or a whole population, the description explicitly states that it's a partnership game with Player 2 for 100 rounds. This suggests you're playing against a single player rather than a population. However, in some experimental setups, ""Player 2"" might represent the aggregate behavior of a population, with your partner changing each round. But based on the given information, it appears to be a two-player repeated game.",1
Claude 3.5 Haiku,1,"This setup strongly reminds me of the famous ""Coordination Game"" from game theory, specifically resembling the ""Stag Hunt"" or ""Pure Coordination Game"" paradigm.

Key Similarities:
1. Players have a strong incentive to coordinate their actions
2. Mutual cooperation yields the highest joint payoff
3. There are symmetric rewards/punishments based on matching/mismatching

In this case, the game seems to have two pure coordination equilibria ('Q','Q') and ('M','M'), each yielding 100 points, while miscoordination results in a negative outcome.

Regarding the optimal move after a successful coordination:
- The best strategy is to ""stick"" to the coordinated action in subsequent rounds
- This suggests a ""tit-for-tat"" or ""reciprocity"" strategy where past successful coordination predicts future coordination

As for whether this is against a single player or a population:
- The context suggests a repeated interaction with a single partner (Player 2)
- The 100-round structure implies a long-term, potentially adaptive interaction
- This feels more like a bilateral repeated game rather than a population-level interaction

The game theoretic concept most closely aligned is ""Repeated Coordination Game"" with elements of ""Mutual Assurance"" and potential for emergent cooperative behavior.",1
Claude 3.5 Haiku,2,"This setup strongly reminds me of the classic ""Coordination Game"" from game theory, specifically resembling the ""Pure Coordination Game"" or ""Matching Pennies"" variant.

Key Analogies:
1. The game rewards mutual agreement (same action) with high points
2. Disagreement results in mutual punishment
3. Players must strategically anticipate each other's moves

Specifically, this looks like a repeated Coordination Game with:
- Symmetric payoffs
- Perfect alignment of interests when coordinating
- Symmetric penalty for mis-coordination

Optimal Move After Success:
The optimal strategy after successfully coordinating would typically be to ""repeat"" the same action that just worked. This creates a predictable pattern that the other player can follow, maintaining coordination.

Population Perspective:
Given the context of a 100-round partnership with the same player, this feels more like a strategic interaction with a SINGLE player rather than a population-wide game. The repeated nature suggests learning, adaptation, and potential development of a shared ""coordination strategy"" between these two specific players.

The game incentivizes developing a shared ""focal point"" or ""Schelling point"" - a mutually understood default coordination mechanism that emerges through repeated interaction.

Would you be interested in discussing potential equilibrium strategies for this game?",1
Claude 3.5 Haiku,3,"This game setup strongly reminds me of the famous ""Coordination Game"" or more specifically a variant of the ""Stag Hunt"" game from game theory. Let me break down the analogies and insights:

1. Coordination Game Similarity:
- The game rewards mutual cooperation (same action)
- There's a clear incentive to synchronize strategies
- The payoff matrix creates a strong motivation for players to predict and match each other's moves

2. Optimal Move After Success:
In a repeated coordination game like this, the optimal strategy after a successful coordination is typically to ""repeat"" the same action. This is known as a ""tit-for-tat"" or ""mirroring"" strategy, which signals to the other player: ""Let's keep doing what worked.""

3. Single Player vs Population:
The description suggests this is a repeated interaction with a single specific partner (Player 2), not a population-wide interaction. This makes it more like a bilateral repeated game where reputation and mutual trust can develop over time.

The game creates an interesting dynamic where players must:
- Anticipate each other's moves
- Build trust
- Minimize mutual punishment
- Maximize mutual reward

The 100-round structure also allows for learning and strategic adaptation, which makes this a rich scenario for studying cooperative behavior.",1
Claude 3.5 Haiku,4,"This setup strongly reminds me of the famous Coordination Game from game theory, specifically resembling the ""Stag Hunt"" or ""Assurance Game"" developed by philosophers and game theorists like Jean-Jacques Rousseau and Thomas Schelling.

Key analogies:
1. The game rewards mutual cooperation (same action)
2. There's a high-reward equilibrium when players coordinate
3. There's a risk of mutual loss if coordination fails

Optimal move after a successful coordination:
- Continue playing the same action that previously succeeded (in this case, either 'Q' or 'M')
- This suggests a ""tit-for-tat"" or ""mirroring"" strategy to maintain mutual trust and reward

Regarding the player context:
- Given the detailed setup of 100 rounds, this feels like a structured interaction with a single strategic opponent, not a population-wide game
- The repeated nature suggests opportunities for learning, reputation-building, and developing a cooperative strategy

The game incentivizes players to:
- Communicate implicitly
- Build mutual trust
- Develop predictable, consistent behavior
- Avoid risky unilateral moves that could break coordination

This is a classic example of how cooperative behavior can emerge through repeated interactions with clear mutual benefits",1
Claude 3.5 Haiku,5,"This game setup strongly reminds me of the classic ""Coordination Game"" in game theory, specifically resembling the ""Pure Coordination Game"" or ""Stag Hunt"" paradigm.

Key Similarities:
1. Players have an incentive to coordinate their actions
2. Mutual cooperation (choosing the same action) yields high mutual rewards
3. Miscoordination leads to mutual punishment
4. There's a clear mutual benefit to synchronized strategy

In the specific context you described:
- 'Q' and 'M' are potential coordinated strategies
- Matching actions (+100 points) is clearly superior to mismatched actions (-50 points)

Regarding optimal moves after success:
- The optimal strategy is to ""stick"" with the previously successful action
- This creates a form of ""path dependence"" where initial coordination creates momentum for continued coordination

As for whether this is against a single player or a population:
- The description suggests this is a repeated game with a single partner (Player 2)
- It's a bilateral interaction over 100 rounds, not a population-level interaction
- The repeated nature allows for learning, reputation-building, and potential tacit coordination strategies

The game incentivizes mutual trust, communication, and consistent behavior to maximize joint payoffs.",1
