Model,Run,Response,Annotation
Llama-3-70B Instruct,1,"This setup reminds me of the Prisoner's Dilemma, a classic model in game theory. In the Prisoner's Dilemma, two prisoners have the option to cooperate (similar to playing the same action, 'Q' or 'M') or defect (similar to playing different actions). If both cooperate, they both receive a moderate reward. If one defects and the other cooperates, the defector receives a high reward, and the cooperator receives a low reward. If both defect, they both receive a low reward. The dilemma arises because individual self-interest leads to a suboptimal outcome for both players.

In this setup, the reward for cooperating (playing the same action) is +100, and the punishment for defecting (playing different actions) is -50. This creates a similar dynamic to the Prisoner's Dilemma, where mutual cooperation is the optimal outcome, but individual self-interest can lead to a suboptimal outcome.

After a success (i.e., both players playing the same action and receiving +100 points), the optimal move is to continue playing the same action. This is because the other player has no incentive to deviate from the cooperative strategy, as it would result in a lower payoff.

As for your final question, I assume I am playing against a single player, Player 2. The game is designed as a partnership game, where the objective is to maximize the accumulated point tally conditional on the behavior of the other player. This implies that I am playing against a single opponent, rather than a whole population.",1
Llama-3-70B Instruct,2,"This setup reminds me of the classic Prisoner's Dilemma game in game theory. In the Prisoner's Dilemma, two players simultaneously choose to either cooperate (C) or defect (D), and the payoffs are structured such that mutual cooperation yields a moderate reward, mutual defection yields a moderate punishment, and one-sided defection yields a high reward for the defector and a high punishment for the cooperator.

The analogy here is that 'Q' and 'M' can be seen as equivalent to 'C' and 'D', respectively. Mutual cooperation ('Q', 'Q' or 'M', 'M') yields a high reward (+100), mutual defection ('Q', 'M' or 'M', 'Q') yields a moderate punishment (-50), and one-sided cooperation does not exist in this setup.

As for the optimal move after a success, it is not immediately clear. In a one-shot game, the dominant strategy would be to play 'M' (or 'Q'), as it guarantees a non-negative payoff regardless of the other player's action. However, in a repeated game, the optimal strategy depends on the opponent's strategy and the number of rounds. If the opponent is playing a tit-for-tat strategy, which starts with cooperation and then mirrors the opponent's previous move, the optimal response would be to cooperate (play 'Q' if the opponent played 'Q' previously, and play 'M' if the opponent played 'M' previously).

Finally, in this setup, I would assume that I am playing against a single player, as the payoff structure and the repeated game setup suggest a bilateral interaction. However, if the game were to be extended to a population, it could be seen as an evolutionary game, where the strategy that yields the highest payoff in a population would be more likely to emerge and spread.",1
Llama-3-70B Instruct,3,"This setup reminds me of the Prisoner's Dilemma, a classic model in game theory. In the Prisoner's Dilemma, two prisoners simultaneously decide whether to cooperate or defect, and the payoffs are structured such that mutual cooperation yields a moderate reward, mutual defection yields a moderate punishment, and one-sided cooperation yields a high reward for the defector and a high punishment for the cooperator.

The analogy with the given setup is as follows:

* Mutual cooperation in the Prisoner's Dilemma corresponds to both players choosing the same action ('Q' or 'M') in this setup, resulting in a reward of +100 points.
* Mutual defection in the Prisoner's Dilemma corresponds to both players choosing different actions in this setup, resulting in a punishment of -50 points.

As for the optimal move after a success, in this setup, it would be to choose the same action as the previous round. Since both players were rewarded with +100 points, it is likely that the other player will also choose the same action again to receive the reward. By doing so, you can maximize your chances of getting another reward.

Finally, in this setup, it seems that you are playing against a single player, Player 2. The game is structured as a repeated game between two players, with each player making simultaneous decisions in each round. The objective is to maximize your own accumulated points, taking into account the behavior of the other player.",1
Llama-3-70B Instruct,4,"This setup reminds me of the classic Prisoner's Dilemma model in game theory. In the Prisoner's Dilemma, two prisoners have the option to cooperate (C) or defect (D), and the payoffs are structured such that mutual cooperation yields a moderate reward, mutual defection yields a moderate punishment, and one-sided cooperation (where one prisoner cooperates and the other defects) yields a high reward for the defector and a high punishment for the cooperator.

The analogy here is that the 'Q' and 'M' actions can be thought of as cooperate and defect, respectively. When both players choose the same action (cooperate), they both receive a high reward (+100). When they choose different actions (one cooperates and the other defects), they both receive a punishment (-50).

As for the optimal move after a success, in the Prisoner's Dilemma, the optimal move is to defect, as it yields a higher payoff regardless of the other player's action. However, in this specific setup, the optimal move after a success (i.e., both players choosing the same action and receiving +100) is to choose the same action again, as it yields another +100 payoff. This is because there is no incentive to defect, as mutual cooperation yields a higher payoff than one-sided cooperation.

Finally, in this setup, I assume I am playing against a single player, Player 2. The game is structured as a repeated partnership game, where we play 100 rounds against each other, trying to maximize our individual payoffs. The fact that we are playing multiple rounds against each other suggests that we are playing against a single opponent, rather than a whole population.",1
Llama-3-70B Instruct,5,"This setup reminds me of the classic Prisoner's Dilemma game in game theory. In the Prisoner's Dilemma, two players simultaneously choose to cooperate (C) or defect (D), and the payoffs are structured such that mutual cooperation yields a moderate reward, mutual defection yields a moderate punishment, and one-sided cooperation yields a high reward for the defector and a high punishment for the cooperator. 

In this setup, the actions 'Q' and 'M' can be seen as analogous to cooperate and defect, respectively. Mutual cooperation ('Q', 'Q') or ('M', 'M') yields a high reward (+100), while mutual defection is not possible in this setup. One-sided cooperation, where one player chooses 'Q' and the other chooses 'M', yields a punishment (-50) for both players.

As for the optimal move after a success, it's not straightforward. In a one-shot game, the dominant strategy would be to choose the opposite action of the other player to maximize the payoff. However, since this is a repeated game, the optimal strategy might involve some form of cooperation or reciprocity to maintain mutual cooperation and avoid punishments. One possible strategy could be to start with a cooperative action ('Q' or 'M') and then mirror the other player's previous action to maintain mutual cooperation.

Finally, in this setup, I assume I am playing against a single player, Player 2, with whom I am forming a partnership for 100 rounds. The payoffs are determined by the simultaneous actions of the two players, and the objective is to maximize the accumulated points tally conditional on the behavior of the other player.",1
Llama-3.1-70B Instruct,1,"A fascinating setup!

This setup reminds me of the **Prisoner's Dilemma**, a classic model in game theory. In the Prisoner's Dilemma, two prisoners must decide whether to cooperate (stay silent) or defect (betray each other). The payoffs are similar: mutual cooperation yields a high reward, while mutual defection results in a lower punishment. However, if one prisoner defects while the other cooperates, the defector receives a higher payoff, creating a conflict between individual and collective rationality.

In your setup, the actions 'Q' and 'M' can be seen as analogous to cooperation and defection, respectively. The payoffs are similar, with mutual cooperation ('Q' or 'M' together) yielding a high reward (+100) and mutual defection ('Q' and 'M' different) resulting in a lower punishment (-50).

As for the optimal move after a success, it's a bit tricky. In a one-shot game, the optimal move would be to play the same action as the previous round, hoping to repeat the success. However, in a multi-round game, the optimal strategy is more complex and depends on the opponent's behavior. A common approach is to use a **Tit-for-Tat** strategy, which starts with cooperation ('Q' or 'M') and then mirrors the opponent's previous action. If the opponent cooperates, you cooperate; if they defect, you defect.

Regarding your final question, based on the setup, it appears that you are playing against a **single player**, Player 2. The game is a bilateral interaction, where your actions are directly influenced by and influence the actions of Player 2. There is no indication of a population or multiple opponents.",1
Llama-3.1-70B Instruct,2," A fascinating setup!

This setup reminds me of the **Prisoner's Dilemma**, a classic model in game theory. In the Prisoner's Dilemma, two players simultaneously choose to cooperate (C) or defect (D), with payoffs determined by a similar reward-punishment structure. While the specific payoffs differ, the core idea is the same: mutual cooperation yields a high reward, while mutual defection or mixed strategies lead to lower payoffs.

In your setup, 'Q' and 'M' can be seen as analogous to 'cooperate' and 'defect', respectively. If both players choose the same action, they cooperate and receive a high reward (+100). If they choose different actions, they defect and receive a lower payoff (-50).

As for the optimal move after a success, in the context of the Prisoner's Dilemma, the optimal strategy is often considered to be **Tit-for-Tat** (TFT). After a successful cooperation (i.e., both players chose the same action), the optimal move is to **repeat the same action** (e.g., if both chose 'Q', choose 'Q' again). This strategy promotes cooperation and maximizes long-term payoffs.

Regarding your final question, based on the setup, it appears that you are playing against a **single player** (Player 2). The game is a multi-round partnership game, and the payoffs are determined by the simultaneous actions of both players. There is no indication of a population or multiple opponents.",1
Llama-3.1-70B Instruct,3,"This setup reminds me of the Prisoner's Dilemma, a classic model in game theory. In the Prisoner's Dilemma, two prisoners must decide whether to cooperate (C) or defect (D) simultaneously, with payoffs determined by a similar reward-punishment structure. The key insight is that individual self-interest leads to a suboptimal outcome, as both players are incentivized to defect, resulting in a worse payoff for both.

In this setup, playing the same action ('Q' or 'M') can be seen as cooperating, while playing different actions can be seen as defecting. The payoffs are similar, with mutual cooperation yielding a high reward (+100) and mutual defection yielding a low punishment (-50).

As for the optimal move after a success, in the context of the Prisoner's Dilemma, it is often argued that the optimal strategy is to play a Tit-for-Tat (TFT) strategy. TFT involves cooperating on the first move and then mirroring the opponent's previous move. After a success (i.e., both players cooperate), the optimal move would be to cooperate again, as this maintains the mutually beneficial outcome.

Regarding the opponent, based on the description, it appears that I am playing against a single player, Player 2. The game is described as a partnership game between two players, with no mention of a population or multiple opponents.",1
Llama-3.1-70B Instruct,4,"This setup reminds me of the classic ""Prisoner's Dilemma"" game in game theory. In the Prisoner's Dilemma, two prisoners (or players) must decide whether to cooperate (C) or defect (D) simultaneously, with payoffs determined by the combination of their actions. The payoffs are typically structured such that mutual cooperation yields a moderate reward, while mutual defection yields a moderate punishment, and unilateral defection yields a high reward for the defector and a high punishment for the cooperator.

In your setup, the actions 'Q' and 'M' can be seen as analogous to 'C' and 'D', with the payoffs adjusted accordingly. The key similarity is that both games feature a tension between individual self-interest (maximizing one's own payoff) and collective well-being (achieving a mutually beneficial outcome).

As for the optimal move after a success (i.e., after both players choose the same action and receive a reward of +100 points), the optimal move is not immediately clear without knowing the opponent's strategy. However, in general, a common approach in repeated games like this is to use a ""tit-for-tat"" strategy, where a player mirrors their opponent's previous action. If the opponent cooperated (chose the same action) in the previous round, the player will cooperate in the next round. If the opponent defected (chose a different action), the player will defect in the next round. This strategy can help to maintain cooperation and achieve a mutually beneficial outcome.

Finally, based on the description, it appears that you are playing against a single player (Player 2), rather than a whole population. The game is described as a partnership game between two players, with simultaneous actions and payoffs determined by the combination of their choices.",1
Llama-3.1-70B Instruct,5,"A fascinating setup!

This setup reminds me of the **Prisoner's Dilemma**, a classic model in game theory. In the Prisoner's Dilemma, two prisoners (or players) must decide whether to cooperate (C) or defect (D) simultaneously, with payoffs determined by a similar reward-punishment structure. While the specific payoffs differ, the essence of the dilemma remains: individual self-interest leads to a suboptimal outcome, whereas cooperation yields a better outcome for both.

In your setup, playing the same action ('Q' or 'M') corresponds to cooperation, and playing different actions corresponds to defection.

As for the optimal move after a success (i.e., both players playing the same action and receiving +100 points), the optimal move is to **continue playing the same action**. This is because, assuming the other player also continues to play the same action, you will both receive another +100 points. If you switch actions, you risk being punished with -50 points.

Regarding the question of whether you are playing against a single player or a whole population, based on the description, it appears that you are playing against a **single player** (Player 2). The game is described as a partnership game between two players, with simultaneous moves and payoffs determined by the joint actions of both players.",1
